SNR(dB),BER
0,1.587000e-01
2,1.040515e-01
4,5.658503e-02
6,2.304228e-02
8,6.008437e-03
10,7.858750e-04
12,3.403125e-05
14,3.125000e-07
16,0.000000e+00
18,0.000000e+00
20,0.000000e+00
