SNR(dB),BER
0,1.586253e-01
2,1.037653e-01
4,5.637594e-02
6,2.298437e-02
8,5.982188e-03
10,7.953125e-04
12,2.531250e-05
14,3.125000e-07
16,0.000000e+00
18,0.000000e+00
20,0.000000e+00
